{
    "left_camera_matrix": [
        [
            719.4914360561231,
            0.0,
            294.6618243944737
        ],
        [
            0.0,
            724.316856107926,
            236.6674709593225
        ],
        [
            0.0,
            0.0,
            1.0
        ]
    ],
    "left_dist_coeffs": [
        [
            -0.2123952866132238,
            1.1939168411882057,
            0.007628067358614157,
            0.0016184918444648287,
            -2.61348262737298
        ]
    ],
    "right_camera_matrix": [
        [
            834.3991869033352,
            0.0,
            355.8961868101309
        ],
        [
            0.0,
            835.9883289036812,
            286.6260065043125
        ],
        [
            0.0,
            0.0,
            1.0
        ]
    ],
    "right_dist_coeffs": [
        [
            -0.3385404977530618,
            2.1635621006036345,
            0.0049995128202522925,
            0.0020619505002499768,
            -5.590397697149398
        ]
    ],
    "R": [
        [
            0.998744266362166,
            -0.02468958215792122,
            -0.04359260191323893
        ],
        [
            0.02271587159598623,
            0.9987194131506791,
            -0.04520534231258201
        ],
        [
            0.044652878813504625,
            0.044158332496034194,
            0.9980261329668858
        ]
    ],
    "T": [
        [
            -88.0686467506865
        ],
        [
            -5.999330484193485
        ],
        [
            61.08623078827746
        ]
    ],
    "Q": [
        [
            1.0,
            0.0,
            0.0,
            -1092.5061531066895
        ],
        [
            0.0,
            1.0,
            0.0,
            -269.7864246368408
        ],
        [
            0.0,
            0.0,
            0.0,
            780.1525925058036
        ],
        [
            0.0,
            0.0,
            0.009315492008899721,
            -0.0
        ]
    ]
}