{
    "left_camera_matrix": [
        [
            835.1356292015382,
            0.0,
            405.3153268888615
        ],
        [
            0.0,
            825.876958593786,
            264.96425730005467
        ],
        [
            0.0,
            0.0,
            1.0
        ]
    ],
    "left_dist_coeffs": [
        [
            -0.12897140205574273,
            0.22816764558747055,
            0.0013779862804968043,
            0.022534037142535365,
            0.0543624490599867
        ]
    ],
    "right_camera_matrix": [
        [
            824.8449350752476,
            0.0,
            389.7521301764094
        ],
        [
            0.0,
            815.5196682245772,
            255.8325137419007
        ],
        [
            0.0,
            0.0,
            1.0
        ]
    ],
    "right_dist_coeffs": [
        [
            0.012121645269545192,
            -1.023746635547537,
            5.691556049227841e-05,
            0.025614341303303406,
            3.8395380914067747
        ]
    ],
    "R": [
        [
            0.999798171413793,
            0.012159402749418236,
            -0.015992665894503322
        ],
        [
            -0.012138197123151,
            0.9999253177389058,
            0.0014223625936336647
        ],
        [
            0.016008766605685093,
            -0.0012279533890501514,
            0.9998710974531863
        ]
    ],
    "T": [
        [
            61.49065921562326
        ],
        [
            -1.5327118299743836
        ],
        [
            5.58458209036763
        ]
    ],
    "Q": [
        [
            1.0,
            0.0,
            0.0,
            -327.2477569580078
        ],
        [
            0.0,
            1.0,
            0.0,
            -261.24214363098145
        ],
        [
            0.0,
            0.0,
            0.0,
            820.6983134091815
        ],
        [
            0.0,
            0.0,
            -0.01619098753441113,
            0.0
        ]
    ]
}